{"r": 0.04, "sigma": 0.04, "d_values": [0.0, 0.001073825522325933, 0.002147651044651866, 0.003221476450562477, 0.004295302089303732, 0.005369127728044987, 0.006442952901124954, 0.007516778539866209, 0.008590604178607464, 0.009664429351687431, 0.010738255456089973, 0.011812080629169941, 0.012885905802249908, 0.01395973190665245, 0.015033557079732418, 0.016107382252812386, 0.017181208357214928, 0.01825503446161747, 0.019328858703374863, 0.020402684807777405, 0.021476510912179947, 0.02255033515393734, 0.023624161258339882, 0.024697987362742424, 0.025771811604499817, 0.02684563770890236, 0.0279194638133049, 0.028993289917707443, 0.030067114159464836, 0.031140940263867378, 0.03221476450562477, 0.03328859061002731, 0.034362416714429855, 0.0354362428188324, 0.03651006892323494, 0.03758389502763748, 0.038657717406749725, 0.03973154351115227, 0.04080536961555481, 0.04187919571995735, 0.042953021824359894, 0.044026847928762436, 0.04510067030787468, 0.04617449641227722, 0.047248322516679764, 0.048322148621082306, 0.04939597472548485, 0.05046980082988739, 0.051543623208999634, 0.052617449313402176, 0.05369127541780472, 0.05476510152220726, 0.0558389276266098, 0.056912753731012344, 0.057986579835414886, 0.05906040221452713, 0.06013422831892967, 0.061208054423332214, 0.062281880527734756, 0.0633557066321373, 0.06442952901124954, 0.06550335884094238, 0.06657718122005463, 0.06765101104974747, 0.06872483342885971, 0.06979865580797195, 0.0708724856376648, 0.07194630801677704, 0.07302013784646988, 0.07409396022558212, 0.07516779005527496, 0.07624161243438721, 0.07731543481349945, 0.07838926464319229, 0.07946308702230453, 0.08053691685199738, 0.08161073923110962, 0.08268456161022186, 0.0837583914399147, 0.08483221381902695, 0.08590604364871979, 0.08697986602783203, 0.08805369585752487, 0.08912751823663712, 0.09020134061574936, 0.0912751704454422, 0.09234899282455444, 0.09342282265424728, 0.09449664503335953, 0.09557047486305237, 0.09664429724216461, 0.09771811962127686, 0.0987919494509697, 0.09986577183008194, 0.10093960165977478, 0.10201342403888702, 0.10308724641799927, 0.10416107624769211, 0.10523489862680435, 0.10630872845649719, 0.10738255083560944, 0.10845638066530228, 0.10953020304441452, 0.11060402542352676, 0.1116778552532196, 0.11275167763233185, 0.11382550746202469, 0.11489932984113693, 0.11597315967082977, 0.11704698204994202, 0.11812080442905426, 0.1191946342587471, 0.12026845663785934, 0.12134228646755219, 0.12241610884666443, 0.12348993867635727, 0.12456376105546951, 0.12563759088516235, 0.1267114132642746, 0.12778523564338684, 0.12885905802249908, 0.12993289530277252, 0.13100671768188477, 0.132080540060997, 0.13315436244010925, 0.1342281848192215, 0.13530202209949493, 0.13637584447860718, 0.13744966685771942, 0.13852348923683167, 0.1395973116159439, 0.14067114889621735, 0.1417449712753296, 0.14281879365444183, 0.14389261603355408, 0.14496643841266632, 0.14604027569293976, 0.147114098072052, 0.14818792045116425, 0.1492617428302765, 0.15033558011054993, 0.15140940248966217, 0.15248322486877441, 0.15355704724788666, 0.1546308696269989, 0.15570470690727234, 0.15677852928638458, 0.15785235166549683, 0.15892617404460907, 0.1599999964237213, 0.16999998688697815, 0.17999999225139618, 0.1899999976158142, 0.19999998807907104, 0.20999997854232788, 0.2199999988079071, 0.23000000417232513, 0.23999999463558197, 0.25, 0.25999999046325684, 0.26999998092651367, 0.2800000309944153, 0.2900000214576721, 0.30000001192092896, 0.3100000023841858, 0.3199999928474426, 0.33000001311302185, 0.3400000035762787, 0.3500000238418579, 0.36000001430511475, 0.37000003457069397, 0.3799999952316284, 0.39000001549720764, 0.4000000059604645], "f_values": [0.39346933364868164, 0.39336007833480835, 0.393032431602478, 0.3924869894981384, 0.3917246460914612, 0.390746533870697, 0.38955432176589966, 0.3881499171257019, 0.38653555512428284, 0.38471388816833496, 0.3826877474784851, 0.3804604411125183, 0.3780354857444763, 0.37541663646698, 0.3726081848144531, 0.36961451172828674, 0.3664402663707733, 0.3630903959274292, 0.35957008600234985, 0.35588476061820984, 0.3520400822162628, 0.348041832447052, 0.3438960909843445, 0.3396090269088745, 0.33518707752227783, 0.3306366503238678, 0.32596448063850403, 0.32117724418640137, 0.31628191471099854, 0.3112852871417999, 0.3061944246292114, 0.3010163903236389, 0.2957582175731659, 0.2904270887374878, 0.2850300371646881, 0.2795742154121399, 0.274066686630249, 0.26851439476013184, 0.2629244327545166, 0.2573036253452301, 0.2516587972640991, 0.24599668383598328, 0.24032390117645264, 0.23464691638946533, 0.22897212207317352, 0.22330565750598907, 0.21765366196632385, 0.21202197670936584, 0.20641639828681946, 0.20084236562252045, 0.19530528783798218, 0.18981030583381653, 0.18436238169670105, 0.1789662390947342, 0.17362642288208008, 0.16834726929664612, 0.16313284635543823, 0.15798701345920563, 0.1529134213924408, 0.14791551232337952, 0.14299644529819489, 0.1381591260433197, 0.133406400680542, 0.12874066829681396, 0.12416426837444305, 0.11967924982309341, 0.11528739333152771, 0.11099034547805786, 0.1067894995212555, 0.10268606245517731, 0.0986810028553009, 0.09477512538433075, 0.0909690111875534, 0.08726303279399872, 0.08365742862224579, 0.0801522508263588, 0.07674738764762878, 0.07344252616167068, 0.0702371895313263, 0.06713082641363144, 0.06412267684936523, 0.06121189519762993, 0.05839744955301285, 0.055678240954875946, 0.05305307358503342, 0.05052055045962334, 0.048079270869493484, 0.04572773724794388, 0.043464336544275284, 0.0412873700261116, 0.03919515386223793, 0.03718585520982742, 0.03525761142373085, 0.03340854495763779, 0.03163670003414154, 0.02994012087583542, 0.028316812589764595, 0.026764720678329468, 0.02528185024857521, 0.02386612258851528, 0.02251550741493702, 0.021227937191724777, 0.02000138722360134, 0.018833793699741364, 0.017723141238093376, 0.016667427495121956, 0.01566465198993683, 0.014712860807776451, 0.013810111209750175, 0.012954503297805786, 0.012144159525632858, 0.011377230286598206, 0.01065193023532629, 0.009966480545699596, 0.009319165721535683, 0.008708304725587368, 0.00813225843012333, 0.00758943147957325, 0.007078282069414854, 0.006597300060093403, 0.0061450377106666565, 0.005720073357224464, 0.005321059376001358, 0.004946674220263958, 0.004595653153955936, 0.004266765899956226, 0.003958840388804674, 0.0036707520484924316, 0.0034014114644378424, 0.003149779513478279, 0.002914861775934696, 0.0026956999208778143, 0.0024913884699344635, 0.002301054773852229, 0.0021238711196929216, 0.0019590456504374743, 0.0018058232963085175, 0.0016634931089356542, 0.0015313733601942658, 0.0014088202733546495, 0.0012952183606103063, 0.0011899935780093074, 0.0010925960959866643, 0.0010025071678683162, 0.0009192388388328254, 0.0008423274266533554, 0.0007713416125625372, 0.0007058694609440863, 0.0006455258117057383, 0.0005899493698962033, 0.00024706628755666316, 9.763367415871471e-05, 3.639248825493269e-05, 1.2791042536264285e-05, 4.237903340253979e-06, 1.3232083801995032e-06, 3.892559732321388e-07, 1.0786411763774595e-07, 2.814927668737255e-08, 6.917193484667905e-09, 1.6002781322299597e-09, 3.484946775600406e-10, 7.143017427546638e-11, 1.3778387285279248e-11, 2.500895541004966e-12, 4.2710201152672267e-13, 6.862208284247329e-14, 1.0371948085282062e-14, 1.4746287746325733e-15, 1.9719936834171917e-16, 2.4802335688022692e-17, 2.9337738862510115e-18, 3.2634294002899454e-19, 3.413640294274232e-20]}