{"r": 0.04, "sigma": 0.002, "d_values": [0.0, 0.0014166667824611068, 0.0028333335649222136, 0.0042500002309679985, 0.005666667129844427, 0.007083334028720856, 0.008500000461935997, 0.009916667826473713, 0.011333334259688854, 0.012750000692903996, 0.014166668057441711, 0.015583334490656853, 0.017000000923871994, 0.018416667357087135, 0.019833335652947426, 0.021250002086162567, 0.02266666851937771, 0.02408333495259285, 0.02550000138580799, 0.02691666968166828, 0.028333336114883423, 0.029750002548098564, 0.031166668981313705, 0.032583337277173996, 0.03400000184774399, 0.034080538898706436, 0.034161072224378586, 0.03424161300063133, 0.03432215005159378, 0.03440268337726593, 0.03448322042822838, 0.034563761204481125, 0.03464429825544357, 0.03472483158111572, 0.03480536863207817, 0.03488590940833092, 0.03496644273400307, 0.035046979784965515, 0.03512751683592796, 0.03520805388689041, 0.03528859466314316, 0.03536912798881531, 0.035449665039777756, 0.0355302058160305, 0.03561073914170265, 0.0356912761926651, 0.03577181324362755, 0.035852350294589996, 0.035932887345552444, 0.03601342439651489, 0.03609396144747734, 0.03617449849843979, 0.03625503182411194, 0.036335572600364685, 0.03641610965132713, 0.03649664670228958, 0.03657718375325203, 0.03665772080421448, 0.036738257855176926, 0.036818794906139374, 0.03689932823181152, 0.03697986900806427, 0.03706040233373642, 0.037140943109989166, 0.037221480160951614, 0.037302013486623764, 0.03738255426287651, 0.03746309131383896, 0.03754362463951111, 0.037624165415763855, 0.037704698741436005, 0.03778523579239845, 0.0378657728433609, 0.03794630989432335, 0.0380268469452858, 0.038107383996248245, 0.03818792104721069, 0.03826846182346344, 0.03834899514913559, 0.03842953220009804, 0.038510069251060486, 0.038590602576732635, 0.03867114335298538, 0.03875168040394783, 0.03883221745491028, 0.038912754505872726, 0.038993291556835175, 0.03907382860779762, 0.03915436565876007, 0.03923489898443222, 0.03931543976068497, 0.03939597308635712, 0.03947651386260986, 0.03955704718828201, 0.03963758423924446, 0.03971812129020691, 0.039798662066459656, 0.039879195392131805, 0.03995973616838455, 0.0400402694940567, 0.04012081027030945, 0.0402013435959816, 0.040281880646944046, 0.040362417697906494, 0.04044295474886894, 0.04052349179983139, 0.04060402885079384, 0.04068456590175629, 0.040765102952718735, 0.04084564000368118, 0.04092617705464363, 0.04100671410560608, 0.04108725115656853, 0.041167788207530975, 0.041248321533203125, 0.04132886230945587, 0.04140939936041832, 0.04148993641138077, 0.041570473462343216, 0.041651006788015366, 0.041731543838977814, 0.04181208461523056, 0.04189261794090271, 0.04197315871715546, 0.042053692042827606, 0.042134229093790054, 0.0422147661447525, 0.04229530692100525, 0.0423758402466774, 0.04245637729763985, 0.042536914348602295, 0.04261745139956474, 0.04269798845052719, 0.04277852922677994, 0.04285906255245209, 0.042939599603414536, 0.043020136654376984, 0.04310067370533943, 0.04318121075630188, 0.04326174780726433, 0.043342284858226776, 0.043422818183898926, 0.04350335896015167, 0.04358389601111412, 0.04366442933678627, 0.04374496638774872, 0.043825507164001465, 0.04390604421496391, 0.04398657754063606, 0.04406711459159851, 0.04414765536785126, 0.04422818869352341, 0.044308725744485855, 0.0443892627954483, 0.04446979984641075, 0.0445503368973732, 0.04463087394833565, 0.044711410999298096, 0.044791948050260544, 0.04487248510122299, 0.04495302587747574, 0.04503355920314789, 0.045114096254110336, 0.045194633305072784, 0.04527517035603523, 0.04535570740699768, 0.04543624445796013, 0.04551678150892258, 0.045597318559885025, 0.04567785561084747, 0.04575839266180992, 0.04583892598748207, 0.04591946676373482, 0.04600000008940697, 0.060750000178813934, 0.0755000039935112, 0.09025000035762787, 0.10500000417232513, 0.1197500005364418, 0.13450001180171967, 0.14925000071525574, 0.164000004529953, 0.17875000834465027, 0.19350001215934753, 0.2082500010728836, 0.22300001978874207, 0.23775002360343933, 0.2525000274181366, 0.2672500014305115, 0.28200000524520874, 0.2967500388622284, 0.31150001287460327, 0.32625001668930054, 0.3410000205039978, 0.35575002431869507, 0.37049999833106995, 0.3852500319480896, 0.4000000059604645], "f_values": [0.9999915957450867, 0.9999935626983643, 0.999997079372406, 0.9999992847442627, 1.000000238418579, 1.0000001192092896, 1.0000007152557373, 1.0000003576278687, 1.0000011920928955, 1.0000005960464478, 1.0000003576278687, 1.0000009536743164, 1.0000025033950806, 1.000002145767212, 1.0000007152557373, 1.000002145767212, 1.0000041723251343, 0.9999989867210388, 1.0000017881393433, 1.0000026226043701, 1.0000004768371582, 0.9999975562095642, 0.9999974966049194, 0.9998862743377686, 0.9985331296920776, 0.9983225464820862, 0.9980900287628174, 0.9978259801864624, 0.997534990310669, 0.9972116947174072, 0.9968447089195251, 0.9964439868927002, 0.9959867000579834, 0.9954807758331299, 0.9949281215667725, 0.9942957162857056, 0.9936100244522095, 0.9928478002548218, 0.9920130372047424, 0.991084098815918, 0.9900728464126587, 0.988960862159729, 0.9877361059188843, 0.9863914847373962, 0.9849207401275635, 0.9833261370658875, 0.9815810322761536, 0.9796892404556274, 0.9776408076286316, 0.9754116535186768, 0.9729899764060974, 0.9703807830810547, 0.9675682187080383, 0.9645398259162903, 0.9612816572189331, 0.9577774405479431, 0.9540278315544128, 0.9500210285186768, 0.9457314610481262, 0.9411481618881226, 0.9362825155258179, 0.9310970902442932, 0.9256026744842529, 0.9197814464569092, 0.9136090278625488, 0.9071031808853149, 0.9002299308776855, 0.8929939866065979, 0.8853878974914551, 0.8774070739746094, 0.8690403699874878, 0.860297441482544, 0.8511583805084229, 0.841620922088623, 0.8317092061042786, 0.8213883638381958, 0.8106938600540161, 0.7996001243591309, 0.7881333827972412, 0.7762883901596069, 0.7640808820724487, 0.7515038251876831, 0.7385811805725098, 0.7253334522247314, 0.7117456197738647, 0.6978640556335449, 0.6836841106414795, 0.669222891330719, 0.6545189619064331, 0.6395682096481323, 0.6243938207626343, 0.6090394854545593, 0.5935072898864746, 0.5778220295906067, 0.5620179772377014, 0.5461129546165466, 0.5301312208175659, 0.5141048431396484, 0.4980505704879761, 0.4820033609867096, 0.4659804105758667, 0.45001599192619324, 0.4341317415237427, 0.41835570335388184, 0.4027063846588135, 0.3872142434120178, 0.37189581990242004, 0.35678043961524963, 0.3418892025947571, 0.32723575830459595, 0.31284189224243164, 0.29872995615005493, 0.2849165201187134, 0.271413117647171, 0.25823989510536194, 0.24540367722511292, 0.23291853070259094, 0.22079236805438995, 0.2090373933315277, 0.19766192138195038, 0.18666625022888184, 0.17605701088905334, 0.1658388078212738, 0.15601299703121185, 0.1465778350830078, 0.13753288984298706, 0.12887771427631378, 0.12060575187206268, 0.11271724104881287, 0.10520286858081818, 0.09805811196565628, 0.09127622842788696, 0.08484774827957153, 0.07876478880643845, 0.07301852852106094, 0.06759781390428543, 0.06249459087848663, 0.05769645422697067, 0.05319228395819664, 0.04897196590900421, 0.045023731887340546, 0.041335754096508026, 0.03789626806974411, 0.034693825989961624, 0.03171761333942413, 0.02895510569214821, 0.026395928114652634, 0.02402815781533718, 0.02184181660413742, 0.019825883209705353, 0.017970087006688118, 0.016264377161860466, 0.014699488878250122, 0.013265784829854965, 0.011954416520893574, 0.01075723022222519, 0.009665717370808125, 0.008672168478369713, 0.0077692922204732895, 0.006950327195227146, 0.0062083592638373375, 0.005537603050470352, 0.004932019859552383, 0.004386134445667267, 0.0038948433939367533, 0.0034534181468188763, 0.0030575308483093977, 0.002702967496588826, 0.0023859331849962473, 0.0021029841154813766, 0.0018507393542677164, 0.0016263823490589857, 0.001427042530849576, 0.0012502596946433187, 1.3056472587572734e-25, 0.0, 0.0, 0.0, 0.0, 0.0, 0.0, 0.0, 0.0, 0.0, 0.0, 0.0, 0.0, 0.0, 0.0, 0.0, 0.0, 0.0, 0.0, 0.0, 0.0, 0.0, 0.0, 0.0]}