{"r": 0.04, "sigma": 0.02, "d_values": [0.0, 0.0006711409660056233, 0.0013422819320112467, 0.002013423014432192, 0.0026845638640224934, 0.003355704713612795, 0.004026846028864384, 0.004697986878454685, 0.005369127728044987, 0.006040268577635288, 0.00671140942722559, 0.007382550742477179, 0.008053692057728767, 0.008724832907319069, 0.00939597375690937, 0.010067114606499672, 0.010738255456089973, 0.011409396305680275, 0.012080537155270576, 0.012751678004860878, 0.01342281885445118, 0.014093960635364056, 0.014765101484954357, 0.015436242334544659, 0.016107384115457535, 0.016778524965047836, 0.017449665814638138, 0.01812080666422844, 0.01879194751381874, 0.019463088363409042, 0.020134229212999344, 0.020805370062589645, 0.021476510912179947, 0.02214765176177025, 0.02281879261136055, 0.02348993346095085, 0.024161074310541153, 0.024832215160131454, 0.025503356009721756, 0.026174496859312057, 0.02684563770890236, 0.02751678042113781, 0.02818792127072811, 0.028859062120318413, 0.029530202969908714, 0.030201343819499016, 0.030872484669089317, 0.03154362365603447, 0.03221476823091507, 0.03288590908050537, 0.03355704993009567, 0.034228190779685974, 0.034899331629276276, 0.03557047247886658, 0.03624161332845688, 0.03691275417804718, 0.03758389502763748, 0.03825503587722778, 0.038926176726818085, 0.039597317576408386, 0.04026845842599869, 0.04093959927558899, 0.04161074012517929, 0.04228188097476959, 0.042953021824359894, 0.043624162673950195, 0.0442953035235405, 0.0449664443731308, 0.0456375852227211, 0.0463087260723114, 0.0469798669219017, 0.047651007771492004, 0.048322148621082306, 0.04899328947067261, 0.04966443032026291, 0.05033557116985321, 0.05100671201944351, 0.051677852869033813, 0.052348993718624115, 0.053020134568214417, 0.05369127541780472, 0.05436241999268532, 0.05503356084227562, 0.05570470169186592, 0.05637584254145622, 0.057046983391046524, 0.057718124240636826, 0.05838926509022713, 0.05906040593981743, 0.05973154678940773, 0.06040268763899803, 0.06107382848858833, 0.061744969338178635, 0.062416110187768936, 0.06308724731206894, 0.06375838816165924, 0.06442953646183014, 0.06510067731142044, 0.06577181816101074, 0.06644295901060104, 0.06711409986019135, 0.06778524070978165, 0.06845638155937195, 0.06912752240896225, 0.06979866325855255, 0.07046980410814285, 0.07114094495773315, 0.07181208580732346, 0.07248322665691376, 0.07315436750650406, 0.07382550835609436, 0.07449664920568466, 0.07516779005527496, 0.07583893090486526, 0.07651007175445557, 0.07718121260404587, 0.07785235345363617, 0.07852349430322647, 0.07919463515281677, 0.07986577600240707, 0.08053691685199738, 0.08120805770158768, 0.08187919855117798, 0.08255033940076828, 0.08322148025035858, 0.08389262109994888, 0.08456376194953918, 0.08523490279912949, 0.08590604364871979, 0.08657718449831009, 0.08724832534790039, 0.08791946619749069, 0.088590607047081, 0.0892617478966713, 0.0899328887462616, 0.0906040295958519, 0.0912751704454422, 0.0919463112950325, 0.0926174521446228, 0.0932885929942131, 0.0939597338438034, 0.09463087469339371, 0.09530201554298401, 0.09597315639257431, 0.09664429724216461, 0.09731543809175491, 0.09798657894134521, 0.09865771979093552, 0.09932886064052582, 0.10000000149011612, 0.11249999701976776, 0.125, 0.13750000298023224, 0.15000000596046448, 0.16249999403953552, 0.17500001192092896, 0.1875, 0.20000000298023224, 0.21250000596046448, 0.22500000894069672, 0.23749999701976776, 0.2500000298023224, 0.26250001788139343, 0.2750000059604645, 0.2874999940395355, 0.30000001192092896, 0.3125000298023224, 0.32500001788139343, 0.33750003576278687, 0.3499999940395355, 0.36250001192092896, 0.375, 0.38750001788139343, 0.4000000059604645], "f_values": [0.8646646738052368, 0.8645122051239014, 0.8640550374984741, 0.8632930517196655, 0.8622262477874756, 0.8608547449111938, 0.8591784238815308, 0.8571974039077759, 0.8549118638038635, 0.8523218035697937, 0.8494274616241455, 0.8462291955947876, 0.8427271842956543, 0.8389220237731934, 0.8348143100738525, 0.8304047584533691, 0.8256942629814148, 0.8206839561462402, 0.8153749704360962, 0.8097690343856812, 0.8038679361343384, 0.7976735234260559, 0.7911884188652039, 0.7844150066375732, 0.7773565053939819, 0.770016074180603, 0.7623975872993469, 0.7545050382614136, 0.7463428974151611, 0.7379161715507507, 0.7292302250862122, 0.7202907204627991, 0.7111039161682129, 0.701676607131958, 0.6920157670974731, 0.6821289658546448, 0.6720242500305176, 0.6617102026939392, 0.6511956453323364, 0.6404900550842285, 0.6296030879020691, 0.6185449361801147, 0.6073262691497803, 0.5959579944610596, 0.5844513177871704, 0.5728181600570679, 0.5610702037811279, 0.5492197871208191, 0.5372793674468994, 0.5252615809440613, 0.5131793022155762, 0.501045823097229, 0.4888739585876465, 0.4766770005226135, 0.46446824073791504, 0.45226097106933594, 0.44006845355033875, 0.4279037117958069, 0.4157799184322357, 0.40370991826057434, 0.39170634746551514, 0.3797818422317505, 0.3679485321044922, 0.3562183082103729, 0.3446027636528015, 0.33311325311660767, 0.32176047563552856, 0.3105548918247223, 0.2995065450668335, 0.2886247932910919, 0.2779186964035034, 0.2673967778682709, 0.25706684589385986, 0.24693651497364044, 0.23701241612434387, 0.22730091214179993, 0.2178076207637787, 0.20853768289089203, 0.1994955837726593, 0.1906851977109909, 0.18210983276367188, 0.1737721711397171, 0.16567450761795044, 0.15781839191913605, 0.1502048224210739, 0.14283423125743866, 0.13570670783519745, 0.12882158160209656, 0.12217786908149719, 0.11577405035495758, 0.10960812866687775, 0.10367768257856369, 0.09797997772693634, 0.09251176565885544, 0.08726951479911804, 0.08224937319755554, 0.07744710147380829, 0.07285827398300171, 0.06847824156284332, 0.06430194526910782, 0.06032431125640869, 0.056540023535490036, 0.05294357240200043, 0.04952936992049217, 0.046291742473840714, 0.04322487860918045, 0.04032295197248459, 0.03758011758327484, 0.03499046340584755, 0.032548125833272934, 0.03024723194539547, 0.028081972151994705, 0.026046570390462875, 0.024135351181030273, 0.02234267257153988, 0.020663069561123848, 0.01909109391272068, 0.017621491104364395, 0.016249094158411026, 0.014968877658247948, 0.013775958679616451, 0.012665614485740662, 0.011633256450295448, 0.010674471035599709, 0.009784984402358532, 0.008960699662566185, 0.008197680115699768, 0.007492149248719215, 0.006840486545115709, 0.006239253096282482, 0.005685147363692522, 0.0051750438287854195, 0.004705965984612703, 0.004275086801499128, 0.0038797305896878242, 0.003517376258969307, 0.0031856284476816654, 0.0028822373133152723, 0.002605091081932187, 0.0023521934635937214, 0.002121679950505495, 0.001911799656227231, 0.001720920787192881, 0.0015475108521059155, 0.0013901457423344254, 0.001247501466423273, 0.001118341344408691, 0.001001521130092442, 0.0008959780680015683, 0.0008007297292351723, 8.16059036878869e-05, 5.770121788373217e-06, 2.8164748755443725e-07, 9.4553520568752e-09, 2.177145824733273e-10, 3.4307788814719187e-12, 3.693759233485035e-14, 2.7134441061451415e-16, 1.3585683656947228e-18, 4.631891947941228e-21, 1.0745720467096778e-23, 1.6952343519287552e-26, 1.817743989490098e-29, 1.3241309095063625e-32, 6.096272693567107e-36, 0.0, 0.0, 0.0, 0.0, 0.0, 0.0, 0.0, 0.0, 0.0]}