{"r": 0.04, "sigma": 0.008, "d_values": [0.0, 0.0006666667177341878, 0.0013333334354683757, 0.0020000000949949026, 0.0026666668709367514, 0.0033333336468786, 0.004000000189989805, 0.004666666965931654, 0.005333333741873503, 0.0060000005178153515, 0.0066666672937572, 0.007333334069699049, 0.00800000037997961, 0.00866666715592146, 0.009333333931863308, 0.010000000707805157, 0.010666667483747005, 0.011333334259688854, 0.012000001035630703, 0.012666667811572552, 0.0133333345875144, 0.01400000136345625, 0.014666668139398098, 0.015333334915339947, 0.01600000075995922, 0.016322147101163864, 0.016644297167658806, 0.01696644350886345, 0.01728859171271324, 0.017610738053917885, 0.017932886257767677, 0.01825503446161747, 0.018577182665467262, 0.018899329006671906, 0.019221477210521698, 0.01954362541437149, 0.019865773618221283, 0.020187919959425926, 0.02051006816327572, 0.020832214504480362, 0.021154362708330154, 0.021476510912179947, 0.02179865911602974, 0.022120807319879532, 0.022442953661084175, 0.022765101864933968, 0.02308724820613861, 0.023409396409988403, 0.023731544613838196, 0.02405369281768799, 0.02437584102153778, 0.024697987362742424, 0.025020133703947067, 0.02534228190779686, 0.025664430111646652, 0.025986578315496445, 0.026308726519346237, 0.02663087472319603, 0.026953021064400673, 0.027275169268250465, 0.02759731560945511, 0.0279194638133049, 0.028241612017154694, 0.028563760221004486, 0.02888590842485428, 0.02920805662870407, 0.029530202969908714, 0.029852349311113358, 0.03017449751496315, 0.030496645718812943, 0.030818793922662735, 0.031140940263867378, 0.03146309033036232, 0.031785234808921814, 0.032107383012771606, 0.0324295312166214, 0.03275167942047119, 0.033073827624320984, 0.033395975828170776, 0.03371812030673027, 0.03404027223587036, 0.034362416714429855, 0.03468456491827965, 0.03500671312212944, 0.03532886132597923, 0.035651009529829025, 0.03597315400838852, 0.03629530221223831, 0.036617450416088104, 0.0369395986199379, 0.03726174682378769, 0.03758389502763748, 0.037906043231487274, 0.03822818771004677, 0.03855033963918686, 0.03887248411774635, 0.039194632321596146, 0.03951678052544594, 0.03983892500400543, 0.04016107693314552, 0.040483225136995316, 0.04080536961555481, 0.0411275178194046, 0.041449666023254395, 0.04177181422710419, 0.04209395870566368, 0.04241611063480377, 0.042738258838653564, 0.04306040704250336, 0.04338255152106285, 0.04370469972491264, 0.044026847928762436, 0.04434899240732193, 0.04467114433646202, 0.04499329254031181, 0.04531543701887131, 0.0456375852227211, 0.04595973342657089, 0.046281881630420685, 0.04660402610898018, 0.04692617803812027, 0.04724832624197006, 0.047570474445819855, 0.04789261892437935, 0.04821476712822914, 0.048536915332078934, 0.04885905981063843, 0.04918120801448822, 0.04950335994362831, 0.049825508147478104, 0.0501476526260376, 0.05046980082988739, 0.05079194903373718, 0.051114097237586975, 0.05143624171614647, 0.05175839364528656, 0.05208054184913635, 0.05240268632769585, 0.05272483453154564, 0.05304698273539543, 0.053369127213954926, 0.05369127541780472, 0.05401342734694481, 0.0543355755507946, 0.054657720029354095, 0.05497986823320389, 0.05530201643705368, 0.055624160915613174, 0.05594630911946297, 0.05626846104860306, 0.05659060925245285, 0.056912753731012344, 0.05723490193486214, 0.05755705013871193, 0.05787919461727142, 0.058201342821121216, 0.05852349475026131, 0.0588456392288208, 0.05916778743267059, 0.059489935636520386, 0.05981208384037018, 0.06013422831892967, 0.060456376522779465, 0.060778528451919556, 0.06110067665576935, 0.06142282113432884, 0.061744969338178635, 0.06206711754202843, 0.06238926202058792, 0.06271141022443771, 0.0630335584282875, 0.0633557066321373, 0.06367785483598709, 0.06400000303983688, 0.07800000160932541, 0.09200000762939453, 0.10600000619888306, 0.12000000476837158, 0.1340000033378601, 0.14800000190734863, 0.16200000047683716, 0.17599999904632568, 0.1900000125169754, 0.20399999618530273, 0.21799999475479126, 0.23200002312660217, 0.2460000216960907, 0.2600000202655792, 0.27399998903274536, 0.2880000174045563, 0.3020000159740448, 0.3160000145435333, 0.33000001311302185, 0.3440000116825104, 0.3580000102519989, 0.3720000088214874, 0.38600000739097595, 0.4000000059604645],