{"r": 0.04, "sigma": 0.0008, "d_values": [0.0, 0.0015666666440665722, 0.0031333332881331444, 0.004699999932199717, 0.006266666576266289, 0.007833333685994148, 0.009399999864399433, 0.010966666042804718, 0.012533333152532578, 0.014100000262260437, 0.015666667371988297, 0.017233332619071007, 0.018799999728798866, 0.020366666838526726, 0.021933332085609436, 0.023499999195337296, 0.025066666305065155, 0.026633333414793015, 0.028200000524520874, 0.029766665771603584, 0.03133333474397659, 0.032899998128414154, 0.034466665238142014, 0.03603333234786987, 0.03759999945759773, 0.03763221204280853, 0.03766442835330963, 0.03769664466381073, 0.03772885724902153, 0.03776107355952263, 0.03779328614473343, 0.03782550245523453, 0.037857718765735626, 0.037889931350946426, 0.037922147661447525, 0.037954363971948624, 0.037986576557159424, 0.03801879286766052, 0.03805100545287132, 0.03808321803808212, 0.03811543434858322, 0.03814765065908432, 0.03817986324429512, 0.03821207955479622, 0.03824429586529732, 0.03827650845050812, 0.038308724761009216, 0.038340937346220016, 0.038373153656721115, 0.038405369967222214, 0.038437582552433014, 0.03846979886293411, 0.03850201144814491, 0.03853422775864601, 0.03856644034385681, 0.03859865665435791, 0.03863087296485901, 0.03866308927536011, 0.03869530186057091, 0.03872751444578171, 0.038759730756282806, 0.038791947066783905, 0.038824159651994705, 0.038856372237205505, 0.038888588547706604, 0.0389208048582077, 0.0389530211687088, 0.0389852337539196, 0.0390174463391304, 0.0390496626496315, 0.0390818789601326, 0.0391140952706337, 0.0391463078558445, 0.0391785204410553, 0.039210736751556396, 0.039242953062057495, 0.039275165647268295, 0.03930738568305969, 0.039339594542980194, 0.03937181085348129, 0.03940402716398239, 0.03943623974919319, 0.03946845605969429, 0.03950066864490509, 0.03953288495540619, 0.03956510126590729, 0.03959731385111809, 0.039629530161619186, 0.03966174274682999, 0.039693959057331085, 0.039726175367832184, 0.039758384227752686, 0.039790600538253784, 0.03982281684875488, 0.03985503315925598, 0.03988724946975708, 0.03991946205496788, 0.03995167464017868, 0.03998389095067978, 0.04001610726118088, 0.040048323571681976, 0.040080536156892776, 0.04011274874210358, 0.040144965052604675, 0.040177181363105774, 0.04020939767360687, 0.040241606533527374, 0.04027382284402847, 0.04030603915452957, 0.04033825546503067, 0.04037046805024147, 0.04040268063545227, 0.04043489694595337, 0.04046711325645447, 0.040499329566955566, 0.04053154215216637, 0.040563758462667465, 0.040595971047878265, 0.040628187358379364, 0.040660399943590164, 0.04069261625409126, 0.04072483256459236, 0.04075704514980316, 0.04078926146030426, 0.04082147404551506, 0.04085369035601616, 0.04088590294122696, 0.04091811925172806, 0.040950335562229156, 0.040982551872730255, 0.041014764457941055, 0.041046977043151855, 0.041079193353652954, 0.04111140966415405, 0.04114362224936485, 0.04117583855986595, 0.04120805114507675, 0.04124026745557785, 0.04127248376607895, 0.04130469635128975, 0.04133690893650055, 0.04136912524700165, 0.04140134155750275, 0.041433557868003845, 0.041465770453214645, 0.041497983038425446, 0.041530199348926544, 0.04156241565942764, 0.04159462824463844, 0.04162684455513954, 0.04165906086564064, 0.04169127345085144, 0.04172348976135254, 0.04175570234656334, 0.04178791865706444, 0.041820134967565536, 0.04185234755277634, 0.041884563863277435, 0.041916776448488235, 0.041948992758989334, 0.041981205344200134, 0.04201342165470123, 0.04204563423991203, 0.04207785055041313, 0.04211006686091423, 0.04214227944612503, 0.04217449575662613, 0.04220671206712723, 0.04223892465233803, 0.04227114096283913, 0.04230335354804993, 0.042335569858551025, 0.042367786169052124, 0.042399998754262924, 0.05730000138282776, 0.0722000002861023, 0.08709999918937683, 0.10199999809265137, 0.1168999969959259, 0.13180001080036163, 0.14670000970363617, 0.1616000086069107, 0.17650000751018524, 0.19140000641345978, 0.20630000531673431, 0.22120001912117004, 0.23610001802444458, 0.2510000169277191, 0.26589998602867126, 0.2808000147342682, 0.2957000136375427, 0.31060001254081726, 0.3255000114440918, 0.34040001034736633, 0.35530000925064087, 0.3702000081539154, 0.38510000705718994, 0.4000000059604645], "f_values": [0.9999478459358215, 0.9999922513961792, 0.9999998211860657, 0.9999997615814209, 0.9999990463256836, 0.9999987483024597, 0.9999985694885254, 0.9999996423721313, 0.9999949336051941, 0.9999977350234985, 0.999993085861206, 1.0000146627426147, 0.9999920725822449, 0.9999974370002747, 0.9999951124191284, 1.0000101327896118, 0.9999812245368958, 1.0000028610229492, 0.9999890327453613, 0.999981701374054, 0.9999698400497437, 1.000008225440979, 1.0000450611114502, 0.9999991655349731, 0.9985698461532593, 0.9983829855918884, 0.9981909990310669, 0.9979499578475952, 0.9976329207420349, 0.9973921179771423, 0.996961772441864, 0.9966104030609131, 0.9961992502212524, 0.9956911206245422, 0.9951483011245728, 0.9945298433303833, 0.9938896894454956, 0.993189811706543, 0.992379367351532, 0.9914476871490479, 0.9904688596725464, 0.9894546270370483, 0.9882889986038208, 0.9869328141212463, 0.9855387210845947, 0.9839622974395752, 0.982265830039978, 0.9804649353027344, 0.9785155057907104, 0.9762933254241943, 0.9739423394203186, 0.9714065790176392, 0.9687132835388184, 0.9657478928565979, 0.9625873565673828, 0.9592138528823853, 0.9555759429931641, 0.9516602754592896, 0.9474393725395203, 0.9429804086685181, 0.9382767677307129, 0.933159351348877, 0.9278405904769897, 0.9220927953720093, 0.916050374507904, 0.9097238779067993, 0.9029420018196106, 0.8958361148834229, 0.8884302377700806, 0.8805903792381287, 0.8723546266555786, 0.8637199997901917, 0.8547232151031494, 0.8453190922737122, 0.8355581164360046, 0.8253843188285828, 0.8148479461669922, 0.803911566734314, 0.7925441265106201, 0.7808586359024048, 0.7687827348709106, 0.756371021270752, 0.7435612678527832, 0.730430006980896, 0.7169260382652283, 0.7031656503677368, 0.6891242861747742, 0.6747548580169678, 0.6600724458694458, 0.6452500820159912, 0.6301180124282837, 0.6148356199264526, 0.5993375778198242, 0.5837159156799316, 0.5679827332496643, 0.5520756244659424, 0.5361067056655884, 0.5201230645179749, 0.5040196776390076, 0.4879997968673706, 0.4719464182853699, 0.455949604511261, 0.4400177597999573, 0.424197256565094, 0.40849077701568604, 0.39292362332344055, 0.3775167763233185, 0.3623379170894623, 0.3473608195781708, 0.3325815796852112, 0.31810063123703003, 0.30388686060905457, 0.28994572162628174, 0.2763351500034332, 0.2630125880241394, 0.25005918741226196, 0.23743689060211182, 0.2251613587141037, 0.21327809989452362, 0.20175334811210632, 0.19061872363090515, 0.17986786365509033, 0.16949200630187988, 0.15951699018478394, 0.14993523061275482, 0.14075343310832977, 0.13195006549358368, 0.12353873252868652, 0.11550845205783844, 0.107853963971138, 0.10057507455348969, 0.0936679095029831, 0.08710417151451111, 0.08089693635702133, 0.07503227144479752, 0.0694923922419548, 0.06427465379238129, 0.0593695268034935, 0.05476086959242821, 0.05043675750494003, 0.046393439173698425, 0.04261154308915138, 0.0390859991312027, 0.03579707443714142, 0.03274344652891159, 0.02990414761006832, 0.02727421186864376, 0.024840129539370537, 0.02259012870490551, 0.020513564348220825, 0.018602360039949417, 0.016845379024744034, 0.015230860561132431, 0.013751914724707603, 0.012397690676152706, 0.011161552742123604, 0.01003329548984766, 0.009006140753626823, 0.008072489872574806, 0.007225142791867256, 0.006457103416323662, 0.005761672742664814, 0.005134218838065863, 0.0045680454932153225, 0.004058170132339001, 0.003599936608225107, 0.003188837319612503, 0.0028201662935316563, 0.002490690443664789, 0.0021963012404739857, 0.0019338489510118961, 0.0017000765074044466, 0.001492466893978417, 0.0013081446522846818, 0.0, 0.0, 0.0, 0.0, 0.0, 0.0, 0.0, 0.0, 0.0, 0.0, 0.0, 0.0, 0.0, 0.0, 0.0, 0.0, 0.0, 0.0, 0.0, 0.0, 0.0, 0.0, 0.0, 0.0]}