{"r": 0.04, "sigma": 0.032, "d_values": [0.0, 0.0009127517114393413, 0.0018255034228786826, 0.002738255076110363, 0.0036510068457573652, 0.0045637586154043674, 0.005476510152220726, 0.006389262154698372, 0.0073020136915147305, 0.008214765228331089, 0.009127517230808735, 0.01004026923328638, 0.010953020304441452, 0.011865772306919098, 0.012778524309396744, 0.013691275380551815, 0.014604027383029461, 0.015516779385507107, 0.016429530456662178, 0.017342282459139824, 0.01825503446161747, 0.019167786464095116, 0.02008053846657276, 0.020993288606405258, 0.021906040608882904, 0.02281879261136055, 0.023731544613838196, 0.02464429661631584, 0.025557048618793488, 0.026469798758625984, 0.02738255076110363, 0.028295302763581276, 0.029208054766058922, 0.030120806768536568, 0.031033558771014214, 0.03194630891084671, 0.032859060913324356, 0.033771812915802, 0.03468456491827965, 0.035597316920757294, 0.03651006892323494, 0.037422820925712585, 0.03833557292819023, 0.03924832493066788, 0.04016107693314552, 0.04107382521033287, 0.041986577212810516, 0.04289932921528816, 0.04381208121776581, 0.044724833220243454, 0.0456375852227211, 0.046550337225198746, 0.04746308922767639, 0.04837584123015404, 0.04928859323263168, 0.05020134523510933, 0.051114097237586975, 0.05202684924006462, 0.05293959751725197, 0.053852349519729614, 0.05476510152220726, 0.055677853524684906, 0.05659060552716255, 0.0575033575296402, 0.058416109532117844, 0.05932886153459549, 0.060241613537073135, 0.06115436553955078, 0.06206711754202843, 0.06297986954450607, 0.06389261782169342, 0.06480537354946136, 0.06571812182664871, 0.06663087755441666, 0.067543625831604, 0.06845638155937195, 0.0693691298365593, 0.07028187811374664, 0.07119463384151459, 0.07210738211870193, 0.07302013784646988, 0.07393288612365723, 0.07484564185142517, 0.07575839012861252, 0.07667114585638046, 0.07758389413356781, 0.07849664986133575, 0.0794093981385231, 0.08032215386629105, 0.0812349021434784, 0.08214765042066574, 0.08306040614843369, 0.08397315442562103, 0.08488591015338898, 0.08579865843057632, 0.08671141415834427, 0.08762416243553162, 0.08853691816329956, 0.08944966644048691, 0.09036242216825485, 0.0912751704454422, 0.09218792617321014, 0.09310067445039749, 0.09401342272758484, 0.09492617845535278, 0.09583892673254013, 0.09675168246030807, 0.09766443073749542, 0.09857718646526337, 0.09948993474245071, 0.10040269047021866, 0.101315438747406, 0.10222819447517395, 0.1031409427523613, 0.10405369848012924, 0.10496644675731659, 0.10587919503450394, 0.10679195076227188, 0.10770469903945923, 0.10861745476722717, 0.10953020304441452, 0.11044295877218246, 0.11135570704936981, 0.11226846277713776, 0.1131812110543251, 0.11409396678209305, 0.1150067150592804, 0.11591947078704834, 0.11683221906423569, 0.11774496734142303, 0.11865772306919098, 0.11957047134637833, 0.12048322707414627, 0.12139597535133362, 0.12230873107910156, 0.12322147935628891, 0.12413423508405685, 0.1250469833612442, 0.12595973908901215, 0.1268724948167801, 0.12778523564338684, 0.12869799137115479, 0.12961074709892273, 0.13052348792552948, 0.13143624365329742, 0.13234899938106537, 0.1332617551088333, 0.13417449593544006, 0.135087251663208, 0.13600000739097595, 0.1469999998807907, 0.15800000727176666, 0.16899999976158142, 0.18000000715255737, 0.19099999964237213, 0.20200002193450928, 0.21299999952316284, 0.2240000069141388, 0.23500001430511475, 0.2460000067949295, 0.25699999928474426, 0.2680000066757202, 0.27900001406669617, 0.2900000214576721, 0.3009999990463257, 0.31200000643730164, 0.3230000138282776, 0.33400002121925354, 0.3450000286102295, 0.35600000619888306, 0.367000013589859, 0.37800002098083496, 0.3890000283718109, 0.4000000059604645], "f_values": [0.542166531085968, 0.5420210361480713, 0.5415847897529602, 0.5408584475517273, 0.5398430824279785, 0.538540244102478, 0.5369516611099243, 0.5350800156593323, 0.5329278111457825, 0.5304983854293823, 0.5277953147888184, 0.5248224139213562, 0.521584153175354, 0.5180853605270386, 0.5143311023712158, 0.5103267431259155, 0.5060782432556152, 0.5015916228294373, 0.4968734383583069, 0.49193042516708374, 0.4867696464061737, 0.48139840364456177, 0.47582435607910156, 0.47005534172058105, 0.4640994369983673, 0.45796486735343933, 0.4516601264476776, 0.445193886756897, 0.4385749101638794, 0.43181219696998596, 0.42491477727890015, 0.4178917706012726, 0.41075247526168823, 0.40350615978240967, 0.39616215229034424, 0.38872987031936646, 0.38121867179870605, 0.3736379146575928, 0.3659968972206116, 0.35830485820770264, 0.3505710959434509, 0.3428046703338623, 0.33501455187797546, 0.3272097110748291, 0.3193988800048828, 0.31159061193466187, 0.3037933111190796, 0.29601526260375977, 0.2882644534111023, 0.2805488109588623, 0.2728758454322815, 0.26525288820266724, 0.25768721103668213, 0.250185489654541, 0.24275445938110352, 0.23540037870407104, 0.2281292825937271, 0.22094689309597015, 0.2138587236404419, 0.20686990022659302, 0.19998522102832794, 0.19320927560329437, 0.18654626607894897, 0.18000011146068573, 0.17357441782951355, 0.16727250814437866, 0.16109730303287506, 0.1550515741109848, 0.14913764595985413, 0.14335757493972778, 0.137713223695755, 0.132205992937088, 0.12683714926242828, 0.12160756438970566, 0.11651796847581863, 0.11156868189573288, 0.10675990581512451, 0.10209150612354279, 0.09756312519311905, 0.09317424148321152, 0.08892400562763214, 0.0848114937543869, 0.08083542436361313, 0.07699447870254517, 0.07328705489635468, 0.06971149891614914, 0.06626585125923157, 0.06294817477464676, 0.05975623428821564, 0.05668780952692032, 0.053740493953228, 0.05091176927089691, 0.04819909855723381, 0.0455997996032238, 0.0431111641228199, 0.040730368345975876, 0.038454607129096985, 0.03628097474575043, 0.0342065766453743, 0.03222844749689102, 0.030343662947416306, 0.028549229726195335, 0.02684222161769867, 0.02521965466439724, 0.023678600788116455, 0.022216130048036575, 0.020829346030950546, 0.019515395164489746, 0.018271438777446747, 0.017094699665904045, 0.015982426702976227, 0.014931929297745228, 0.013940578326582909, 0.013005783781409264, 0.012125023640692234, 0.011295851320028305, 0.010515850968658924, 0.009782698936760426, 0.009094134904444218, 0.008447961881756783, 0.007842054590582848, 0.007274353876709938, 0.006742883939296007, 0.006245720665901899, 0.005781029351055622, 0.0053470260463654995, 0.004942019935697317, 0.004564365372061729, 0.0042125023901462555, 0.0038849287666380405, 0.0035802097991108894, 0.003296982031315565, 0.0030339350923895836, 0.00278983055613935, 0.0025634816847741604, 0.002353767864406109, 0.002159617841243744, 0.001980024855583906, 0.0018140248721465468, 0.0016607168363407254, 0.0015192413702607155, 0.0013887882232666016, 0.0012685966212302446, 0.0011579482816159725, 0.0010561642702668905, 0.0009626112296245992, 0.0008766917162574828, 0.0007978478097356856, 0.0007255518576130271, 0.0006593146827071905, 0.00019607615831773728, 5.225170389167033e-05, 1.2464850442484021e-05, 2.659597384990775e-06, 5.071954660706979e-07, 8.639664628162791e-08, 1.3138822474445533e-08, 1.782994307752972e-09, 2.158278139541281e-10, 2.329598146333378e-11, 2.2414912807799947e-12, 1.9220257709614413e-13, 1.4684093716898876e-14, 9.99324918368532e-16, 6.057092901146099e-17, 3.269165432548906e-18, 1.570955052978685e-19, 6.7202838877418065e-21, 2.5589022080816144e-22, 8.67200946224519e-24, 2.615361095480961e-25, 7.018627977731516e-27, 1.6758998208464302e-28, 3.5603143441208164e-30]}