{"r": 0.04, "sigma": 0.004, "d_values": [0.0, 0.0011666667414829135, 0.002333333482965827, 0.0035000001080334187, 0.004666666965931654, 0.005833333823829889, 0.007000000216066837, 0.008166667073965073, 0.009333333931863308, 0.010500000789761543, 0.011666667647659779, 0.012833334505558014, 0.014000000432133675, 0.01516666729003191, 0.016333334147930145, 0.017500001937150955, 0.018666667863726616, 0.019833333790302277, 0.021000001579523087, 0.022166667506098747, 0.023333335295319557, 0.024500001221895218, 0.025666669011116028, 0.02683333493769169, 0.02800000086426735, 0.028161073103547096, 0.02832214906811714, 0.028483223170042038, 0.028644295409321785, 0.02880536951124668, 0.028966443613171577, 0.029127517715096474, 0.02928859181702137, 0.029449664056301117, 0.029610738158226013, 0.02977181412279606, 0.029932886362075806, 0.030093960464000702, 0.030255034565925598, 0.030416106805205345, 0.03057718276977539, 0.030738256871700287, 0.030899329110980034, 0.03106040507555008, 0.031221477314829826, 0.03138255327939987, 0.03154362365603447, 0.031704697757959366, 0.03186577185988426, 0.03202684596180916, 0.032187920063734055, 0.03234899416565895, 0.03251006826758385, 0.03267114236950874, 0.03283221647143364, 0.03299328684806824, 0.03315436467528343, 0.03331543877720833, 0.033476509153842926, 0.03363758325576782, 0.03379865735769272, 0.033959731459617615, 0.03412080556154251, 0.03428187966346741, 0.0344429537653923, 0.0346040278673172, 0.034765101969242096, 0.03492617607116699, 0.03508725017309189, 0.035248324275016785, 0.03540939837694168, 0.03557047247886658, 0.035731542855501175, 0.03589261695742607, 0.03605369105935097, 0.03621476888656616, 0.03637583926320076, 0.036536913365125656, 0.03669798746705055, 0.03685906156897545, 0.037020131945610046, 0.03718120604753494, 0.03734228387475014, 0.037503354251384735, 0.03766442835330963, 0.03782550245523453, 0.037986576557159424, 0.03814765065908432, 0.038308724761009216, 0.03846979886293411, 0.03863087296485901, 0.038791947066783905, 0.0389530211687088, 0.0391140952706337, 0.039275169372558594, 0.03943624347448349, 0.039597317576408386, 0.039758387953042984, 0.03991946578025818, 0.040080539882183075, 0.04024161025881767, 0.04040268436074257, 0.040563758462667465, 0.04072483256459236, 0.04088590666651726, 0.041046980768442154, 0.04120805114507675, 0.041369128972291946, 0.04153020307421684, 0.04169127345085144, 0.04185234755277634, 0.04201342165470123, 0.04217449575662613, 0.042335569858551025, 0.04249664396047592, 0.04265771806240082, 0.042818792164325714, 0.04297986626625061, 0.04314094036817551, 0.043302010744810104, 0.043463084846735, 0.043624162673950195, 0.04378523677587509, 0.04394630715250969, 0.044107381254434586, 0.04426845535635948, 0.044429533183574677, 0.044590603560209274, 0.04475167766213417, 0.04491275176405907, 0.04507382586598396, 0.04523489624261856, 0.045395974069833755, 0.04555704817175865, 0.04571812227368355, 0.045879192650318146, 0.04604026675224304, 0.04620134085416794, 0.04636241868138313, 0.04652348905801773, 0.04668456315994263, 0.04684563726186752, 0.04700671136379242, 0.047167785465717316, 0.04732885956764221, 0.04748993366956711, 0.047651007771492004, 0.0478120818734169, 0.0479731522500515, 0.048134226351976395, 0.04829530417919159, 0.048456378281116486, 0.04861744865775108, 0.04877852275967598, 0.04893959313631058, 0.04910067468881607, 0.04926174506545067, 0.049422819167375565, 0.04958388954401016, 0.04974496737122536, 0.049906037747859955, 0.05006711557507515, 0.050228189677000046, 0.05038926377892494, 0.05055033415555954, 0.050711408257484436, 0.05087248235940933, 0.05103356018662453, 0.051194630563259125, 0.05135570466518402, 0.05151677876710892, 0.051677849143743515, 0.05183892324566841, 0.052000001072883606, 0.06650000065565109, 0.08100000023841858, 0.09550000727176666, 0.10999999940395355, 0.12450000643730164, 0.13900001347064972, 0.1535000056028366, 0.1680000126361847, 0.18250000476837158, 0.19699999690055847, 0.21150000393390656, 0.22600001096725464, 0.24050001800060272, 0.2550000250339508, 0.2694999873638153, 0.2840000092983246, 0.29850003123283386, 0.31300002336502075, 0.32750001549720764, 0.34200000762939453, 0.3565000295639038, 0.3709999918937683, 0.3855000138282776, 0.4000000059604645], "f_values": [0.9999978542327881, 0.9999979734420776, 0.9999982118606567, 0.9999986290931702, 0.999998927116394, 0.9999993443489075, 0.9999996423721313, 0.9999997615814209, 1.0000001192092896, 1.0, 1.0000001192092896, 1.000000238418579, 1.0000003576278687, 1.0000001192092896, 0.9999998807907104, 1.0000003576278687, 1.0000007152557373, 1.0000004768371582, 0.9999988675117493, 0.9999951720237732, 0.9999797344207764, 0.9999304413795471, 0.999785840511322, 0.9993824362754822, 0.9983619451522827, 0.9981368184089661, 0.9978838562965393, 0.9975995421409607, 0.9972825050354004, 0.9969265460968018, 0.9965302348136902, 0.9960894584655762, 0.9955978393554688, 0.9950512051582336, 0.9944471716880798, 0.993775486946106, 0.9930360317230225, 0.9922167062759399, 0.9913167953491211, 0.9903234243392944, 0.9892356395721436, 0.9880414605140686, 0.9867330193519592, 0.9853036403656006, 0.9837445020675659, 0.9820446372032166, 0.9801943898200989, 0.978187620639801, 0.9760105609893799, 0.9736524820327759, 0.9711030125617981, 0.9683542847633362, 0.9653919339179993, 0.9622044563293457, 0.958783745765686, 0.9551149010658264, 0.9511868357658386, 0.9469876885414124, 0.9425091743469238, 0.9377375245094299, 0.9326611757278442, 0.9272698163986206, 0.9215564131736755, 0.9155080318450928, 0.9091151356697083, 0.9023725986480713, 0.895266056060791, 0.887794554233551, 0.8799516558647156, 0.8717260360717773, 0.8631193041801453, 0.8541248440742493, 0.8447430729866028, 0.834967851638794, 0.8248052000999451, 0.8142538666725159, 0.803317666053772, 0.7919999361038208, 0.7803053855895996, 0.7682412266731262, 0.7558178305625916, 0.7430436015129089, 0.7299299240112305, 0.7164873480796814, 0.702734649181366, 0.6886839866638184, 0.6743518710136414, 0.659758985042572, 0.6449193954467773, 0.6298583149909973, 0.6145967245101929, 0.5991525650024414, 0.58355313539505, 0.5678203105926514, 0.5519782304763794, 0.536054253578186, 0.5200713276863098, 0.5040566325187683, 0.48803409934043884, 0.47202959656715393, 0.45607224106788635, 0.4401836395263672, 0.4243917763233185, 0.4087197780609131, 0.39319178462028503, 0.3778313100337982, 0.3626619577407837, 0.34770432114601135, 0.3329816162586212, 0.31851091980934143, 0.30431070923805237, 0.29040029644966125, 0.2767956554889679, 0.2635093927383423, 0.2505570352077484, 0.23794971406459808, 0.22569787502288818, 0.21381160616874695, 0.20229774713516235, 0.19116315245628357, 0.18041178584098816, 0.17004792392253876, 0.16007384657859802, 0.15049031376838684, 0.141296848654747, 0.13249105215072632, 0.12407135963439941, 0.11603280901908875, 0.10837187618017197, 0.10108093172311783, 0.09415468573570251, 0.08758470416069031, 0.08136260509490967, 0.07548017054796219, 0.06992742419242859, 0.06469473242759705, 0.05977088585495949, 0.05514589324593544, 0.050807930529117584, 0.046746253967285156, 0.04294927418231964, 0.039405401796102524, 0.03610311821103096, 0.033031150698661804, 0.03017759881913662, 0.027531597763299942, 0.025081928819417953, 0.02281740866601467, 0.020727895200252533, 0.01880260556936264, 0.017031636089086533, 0.015405184589326382, 0.013913964852690697, 0.012548932805657387, 0.01130142342299223, 0.01016292441636324, 0.009125947952270508, 0.008182763122022152, 0.007326330523937941, 0.006549881771206856, 0.00584713090211153, 0.00521206296980381, 0.004639130085706711, 0.004123071674257517, 0.0036590169183909893, 0.0032423650845885277, 0.002868873067200184, 0.002534619765356183, 0.0022359834983944893, 0.001969585893675685, 0.0017323329811915755, 0.001521386904641986, 0.001334112137556076, 0.001168134156614542, 1.3379030522342461e-11, 4.141694780923658e-25, 0.0, 0.0, 0.0, 0.0, 0.0, 0.0, 0.0, 0.0, 0.0, 0.0, 0.0, 0.0, 0.0, 0.0, 0.0, 0.0, 0.0, 0.0, 0.0, 0.0, 0.0, 0.0]}