{"r": 0.04, "sigma": 0.016, "d_values": [0.0, 0.000590604031458497, 0.001181208062916994, 0.0017718120943754911, 0.002362416125833988, 0.0029530201572924852, 0.0035436241887509823, 0.004134228453040123, 0.004724832251667976, 0.00531543605029583, 0.0059060403145849705, 0.006496644578874111, 0.007087248377501965, 0.007677852176129818, 0.008268456906080246, 0.0088590607047081, 0.009449664503335953, 0.010040268301963806, 0.01063087210059166, 0.011221476830542088, 0.011812080629169941, 0.012402684427797794, 0.012993289157748222, 0.013583892956376076, 0.01417449675500393, 0.014765100553631783, 0.015355704352259636, 0.01594630815088749, 0.016536913812160492, 0.017127517610788345, 0.0177181214094162, 0.018308725208044052, 0.018899329006671906, 0.01948993280529976, 0.020080536603927612, 0.020671140402555466, 0.02126174420118332, 0.02185234986245632, 0.022442953661084175, 0.02303355745971203, 0.023624161258339882, 0.024214765056967735, 0.02480536885559559, 0.025395972654223442, 0.025986578315496445, 0.026577182114124298, 0.02716778591275215, 0.027758389711380005, 0.02834899351000786, 0.02893959730863571, 0.029530201107263565, 0.03012080490589142, 0.030711408704519272, 0.031302012503147125, 0.03189261630177498, 0.03248322010040283, 0.033073827624320984, 0.03366443142294884, 0.03425503522157669, 0.034845639020204544, 0.0354362428188324, 0.03602684661746025, 0.036617450416088104, 0.03720805421471596, 0.03779865801334381, 0.038389261811971664, 0.03897986561059952, 0.03957046940922737, 0.040161073207855225, 0.04075167700648308, 0.04134228080511093, 0.041932884603738785, 0.04252348840236664, 0.04311409592628479, 0.04370469972491264, 0.0442953035235405, 0.04488590732216835, 0.045476511120796204, 0.04606711491942406, 0.04665771871805191, 0.047248322516679764, 0.04783892631530762, 0.04842953011393547, 0.049020133912563324, 0.04961073771119118, 0.05020134150981903, 0.050791945308446884, 0.05138254910707474, 0.05197315663099289, 0.05256376042962074, 0.053154364228248596, 0.05374496802687645, 0.0543355718255043, 0.054926175624132156, 0.05551677942276001, 0.05610738322138786, 0.05669798702001572, 0.05728859081864357, 0.05787919461727142, 0.05846979841589928, 0.05906040221452713, 0.059651006013154984, 0.06024160981178284, 0.06083221361041069, 0.061422817409038544, 0.062013424932956696, 0.06260402500629425, 0.0631946325302124, 0.06378523260354996, 0.06437584012746811, 0.06496644020080566, 0.06555704772472382, 0.06614765524864197, 0.06673825532197952, 0.06732886284589767, 0.06791946291923523, 0.06851007044315338, 0.06910067051649094, 0.06969127804040909, 0.07028187811374664, 0.0708724856376648, 0.07146308571100235, 0.0720536932349205, 0.07264429330825806, 0.07323490083217621, 0.07382550090551376, 0.07441610842943192, 0.07500670850276947, 0.07559731602668762, 0.07618792355060577, 0.07677852362394333, 0.07736913114786148, 0.07795973122119904, 0.07855033874511719, 0.07914093881845474, 0.0797315463423729, 0.08032214641571045, 0.0809127539396286, 0.08150335401296616, 0.08209396153688431, 0.08268456161022186, 0.08327516913414001, 0.08386576920747757, 0.08445637673139572, 0.08504697680473328, 0.08563758432865143, 0.08622819185256958, 0.08681879192590714, 0.08740939944982529, 0.08799999952316284, 0.10099999606609344, 0.11400000751018524, 0.12700000405311584, 0.14000000059604645, 0.15299999713897705, 0.16600000858306885, 0.17900000512599945, 0.19200000166893005, 0.20500001311302185, 0.21799999475479126, 0.23100000619888306, 0.24400001764297485, 0.25700002908706665, 0.27000001072883606, 0.28299999237060547, 0.29600000381469727, 0.30900001525878906, 0.32200002670288086, 0.33500003814697266, 0.34800001978874207, 0.36100003123283386, 0.37400001287460327, 0.38700002431869507, 0.4000000059604645], "f_values": [0.956062912940979, 0.9559692740440369, 0.9556884169578552, 0.9552195072174072, 0.9545616507530212, 0.9537131786346436, 0.9526723027229309, 0.9514367580413818, 0.9500037431716919, 0.9483703374862671, 0.9465331435203552, 0.9444883465766907, 0.9422320127487183, 0.9397597312927246, 0.9370671510696411, 0.9341495037078857, 0.9310016632080078, 0.9276186227798462, 0.923995316028595, 0.9201263189315796, 0.916006326675415, 0.9116300344467163, 0.9069923162460327, 0.902087926864624, 0.8969119787216187, 0.8914595246315002, 0.8857260346412659, 0.8797072172164917, 0.8733990788459778, 0.8667980432510376, 0.8599008917808533, 0.8527048826217651, 0.8452080488204956, 0.8374084234237671, 0.8293051719665527, 0.8208978176116943, 0.8121865391731262, 0.8031722903251648, 0.7938569188117981, 0.7842425107955933, 0.7743326425552368, 0.7641312479972839, 0.7536430358886719, 0.7428737878799438, 0.7318300604820251, 0.7205191850662231, 0.7089493274688721, 0.697129487991333, 0.6850696802139282, 0.6727805137634277, 0.6602734327316284, 0.6475606560707092, 0.634655237197876, 0.6215707659721375, 0.6083215475082397, 0.5949225425720215, 0.5813891887664795, 0.5677375197410583, 0.5539841651916504, 0.5401458740234375, 0.5262398719787598, 0.5122836232185364, 0.4982948303222656, 0.4842914938926697, 0.4702913165092468, 0.4563124477863312, 0.4423726201057434, 0.42848968505859375, 0.4146811366081238, 0.40096431970596313, 0.38735610246658325, 0.3738730549812317, 0.36053135991096497, 0.3473465144634247, 0.3343335688114166, 0.3215070962905884, 0.30888065695762634, 0.2964671552181244, 0.2842790484428406, 0.27232781052589417, 0.2606240510940552, 0.24917753040790558, 0.23799724876880646, 0.22709128260612488, 0.21646681427955627, 0.2061299979686737, 0.19608628749847412, 0.18634018301963806, 0.1768951565027237, 0.16775396466255188, 0.15891849994659424, 0.1503896415233612, 0.14216771721839905, 0.13425196707248688, 0.12664100527763367, 0.11933285742998123, 0.11232461035251617, 0.1056128665804863, 0.09919355809688568, 0.09306199848651886, 0.08721306920051575, 0.08164110779762268, 0.07633998245000839, 0.07130321860313416, 0.06652398407459259, 0.06199506297707558, 0.05770912766456604, 0.0536583811044693, 0.04983510822057724, 0.04623119533061981, 0.04283871501684189, 0.039649397134780884, 0.03665505349636078, 0.033847562968730927, 0.031218700110912323, 0.028760435059666634, 0.026464693248271942, 0.024323632940649986, 0.022329427301883698, 0.020474528893828392, 0.018751490861177444, 0.017153071239590645, 0.015672214329242706, 0.014302130788564682, 0.013036188669502735, 0.011868076398968697, 0.01079163234680891, 0.009801012463867664, 0.008890575729310513, 0.00805495586246252, 0.007289035711437464, 0.006587928161025047, 0.005947010591626167, 0.005361894611269236, 0.004828449338674545, 0.004342746455222368, 0.0039011139888316393, 0.0035000862553715706, 0.003136421088129282, 0.0028070728294551373, 0.0025092107243835926, 0.00224017770960927, 0.0019975141622126102, 0.0017789258854463696, 0.0015822907444089651, 0.0014056371292099357, 0.0012471511727198958, 0.0011051538167521358, 0.0009780990658327937, 0.0008645699708722532, 4.152656038058922e-05, 1.0716805718402611e-06, 1.471973831712603e-08, 1.069051097646323e-10, 4.086552331337284e-13, 8.194189849595405e-16, 8.596977028179466e-19, 4.710078691182745e-22, 1.3455090165956734e-25, 2.0016946742299376e-29, 1.5488822335083175e-33, 0.0, 0.0, 0.0, 0.0, 0.0, 0.0, 0.0, 0.0, 0.0, 0.0, 0.0, 0.0, 0.0]}